,date,accumulate_stock_count,total_cost,total_value,profit_rate,market_price,total_cost_with_dividend,profit_rate_with_dividend
0,2022-01-03,68.0,9955.199584960938,9955.199584960938,0.0,146.39999389648438,9955.199584960938,0.0
1,2022-01-04,68.0,9955.199584960938,10172.800415039062,0.021858007789903974,149.60000610351562,9955.199584960938,0.021858007789903974
2,2022-01-05,68.0,9955.199584960938,10152.400207519531,0.01980880653126228,149.3000030517578,9955.199584960938,0.01980880653126228
3,2022-01-06,68.0,9955.199584960938,10057.199584960938,0.010245902066502891,147.89999389648438,9955.199584960938,0.010245902066502891
4,2022-01-07,68.0,9955.199584960938,9968.800415039062,0.0013662036568981924,146.60000610351562,9955.199584960938,0.0013662036568981924
5,2022-01-10,68.0,9955.199584960938,10033.400207519531,0.007855254120342239,147.5500030517578,9955.199584960938,0.007855254120342239
6,2022-01-11,68.0,9955.199584960938,10084.400207519531,0.012978205153593684,148.3000030517578,9955.199584960938,0.012978205153593684
7,2022-01-12,68.0,9955.199584960938,10169.400207519531,0.021516456875679428,149.5500030517578,9955.199584960938,0.021516456875679428
8,2022-01-13,68.0,9955.199584960938,10220.400207519531,0.026639407908930875,150.3000030517578,9955.199584960938,0.026639407908930875
9,2022-01-14,68.0,9955.199584960938,10220.400207519531,0.026639407908930875,150.3000030517578,9955.199584960938,0.026639407908930875
10,2022-01-17,68.0,9955.199584960938,10336.0,0.038251409405626366,152.0,9955.199584960938,0.038251409405626366
11,2022-01-18,68.0,9955.199584960938,10220.400207519531,0.026639407908930875,150.3000030517578,9955.199584960938,0.026639407908930875
12,2022-01-19,68.0,9955.199584960938,10098.0,0.014344304583786285,148.5,9955.199584960938,0.014344304583786285
13,2022-01-20,68.0,9955.199584960938,10138.800415039062,0.01844270710106968,149.10000610351562,9955.199584960938,0.01844270710106968
14,2022-01-21,68.0,9955.199584960938,9700.199584960938,-0.02561475516625723,142.64999389648438,9737.599584960937,-0.0038407822866080264
15,2022-01-24,68.0,9955.199584960938,9792.0,-0.01639340161572239,144.0,9737.599584960937,0.005586635039202127
16,2022-01-25,68.0,9955.199584960938,9632.199584960938,-0.03244535654392582,141.64999389648438,9737.599584960937,-0.010824022807713597
17,2022-01-26,68.0,9955.199584960938,9625.400207519531,-0.03312835414566933,141.5500030517578,9737.599584960937,-0.011522282926347703
18,2022-02-07,138.0,19916.199798583984,19637.400421142578,-0.01399862324444187,142.3000030517578,19698.599798583986,-0.003106788201555674
19,2022-02-08,138.0,19916.199798583984,19720.199157714844,-0.009841267051512307,142.89999389648438,19698.599798583986,0.001096492103586498
20,2022-02-09,138.0,19916.199798583984,19789.199157714844,-0.006376750693080023,143.39999389648438,19698.599798583986,0.004599279139493487
21,2022-02-10,138.0,19916.199798583984,20016.900421142578,0.0050562167269357,145.0500030517578,19698.599798583986,0.016158540495932763
22,2022-02-11,138.0,19916.199798583984,20003.099578857422,0.004363271163789789,144.9499969482422,19698.599798583986,0.015457940330120556
23,2022-02-14,138.0,19916.199798583984,19692.599578857422,-0.011227052449155495,142.6999969482422,19698.599798583986,-0.00030460133146089274
24,2022-02-15,138.0,19916.199798583984,19602.900421142578,-0.015730881423658014,142.0500030517578,19698.599798583986,-0.004858181719509168
25,2022-02-16,138.0,19916.199798583984,19927.199157714844,0.0005522820237845482,144.39999389648438,19698.599798583986,0.011604853211307463
26,2022-02-17,138.0,19916.199798583984,19941.0,0.0012452275869304589,144.5,19698.599798583986,0.01230545337711967
27,2022-02-18,138.0,19916.199798583984,19885.800842285156,-0.001526343208355916,144.10000610351562,19698.599798583986,0.009503266507024889
28,2022-02-21,138.0,19916.199798583984,19844.400421142578,-0.0036050741691450137,143.8000030517578,19698.599798583986,0.007401572906165292
29,2022-02-22,138.0,19916.199798583984,19575.300842285156,-0.0171166668213012,141.85000610351562,19698.599798583986,-0.006259275154556559
30,2022-02-23,138.0,19916.199798583984,19630.5,-0.014345096026014826,142.25,19698.599798583986,-0.0034570882844617776
31,2022-02-24,138.0,19916.199798583984,19154.400421142578,-0.038250237753467864,138.8000030517578,19698.599798583986,-0.027626297452904593
32,2022-02-25,138.0,19916.199798583984,19113.0,-0.040328968714256966,138.5,19698.599798583986,-0.02972799105376419
33,2022-03-01,209.0,29888.14958190918,29354.049362182617,-0.01786996609685883,140.4499969482422,29670.54958190918,-0.010667150564664345
34,2022-03-02,209.0,29888.14958190918,29186.848724365234,-0.023464177854905795,139.64999389648438,29670.54958190918,-0.016302389553271717
35,2022-03-03,209.0,29888.14958190918,29249.549362182617,-0.02136633510804888,139.9499969482422,29670.54958190918,-0.014189161497138478
36,2022-03-04,209.0,29888.14958190918,28936.049362182617,-0.03185544214161902,138.4499969482422,29670.54958190918,-0.024755194294560884
37,2022-03-07,209.0,29888.14958190918,28006.0,-0.06297310500106754,134.0,29670.54958190918,-0.056101070096931924
38,2022-03-08,209.0,29888.14958190918,27410.348724365234,-0.08290245104513659,131.14999389648438,29670.54958190918,-0.076176575405332
39,2022-03-09,209.0,29888.14958190918,27692.5,-0.07346221203463768,132.5,29670.54958190918,-0.06666710289435433
40,2022-03-10,209.0,29888.14958190918,28497.151275634766,-0.046540127968188544,136.35000610351562,29670.54958190918,-0.03954757572100597
41,2022-03-11,209.0,29888.14958190918,28089.598724365234,-0.060176052472401285,134.39999389648438,29670.54958190918,-0.05328350434425013
42,2022-03-14,209.0,29888.14958190918,28089.598724365234,-0.060176052472401285,134.39999389648438,29670.54958190918,-0.05328350434425013
43,2022-03-15,209.0,29888.14958190918,27514.848724365234,-0.07940608203394654,131.64999389648438,29670.54958190918,-0.07265456447285787
44,2022-03-16,209.0,29888.14958190918,27629.799362182617,-0.07556005478149459,132.1999969482422,29670.54958190918,-0.06878033095048756
45,2022-03-17,209.0,29888.14958190918,28507.598724365234,-0.0461905764276411,136.39999389648438,29670.54958190918,-0.03919546061435359
46,2022-03-18,209.0,29888.14958190918,28444.901275634766,-0.04828831247378356,136.10000610351562,29670.54958190918,-0.041308581187243044
47,2022-03-21,209.0,29888.14958190918,28633.0,-0.04199489093392726,137.0,29670.54958190918,-0.03496900450208711
48,2022-03-22,209.0,29888.14958190918,28591.200637817383,-0.04339341719826039,136.8000030517578,29670.54958190918,-0.03637778737842801
49,2022-03-23,209.0,29888.14958190918,28862.901275634766,-0.034302836429023376,138.10000610351562,29670.54958190918,-0.027220537457346504
50,2022-03-24,209.0,29888.14958190918,28842.0,-0.035002152911547166,138.0,29670.54958190918,-0.027924982637138846
51,2022-03-25,209.0,29888.14958190918,28883.799362182617,-0.033603626647214044,138.1999969482422,29670.54958190918,-0.02651619976079795
52,2022-03-28,209.0,29888.14958190918,28570.299362182617,-0.04409273368078418,136.6999969482422,29670.54958190918,-0.03708223255822035
53,2022-03-29,209.0,29888.14958190918,28601.651275634766,-0.043043758956998496,136.85000610351562,29670.54958190918,-0.03602556478853184
54,2022-03-30,209.0,29888.14958190918,28956.950637817383,-0.031156125659095226,138.5500030517578,29670.54958190918,-0.02405074911476854
55,2022-03-31,209.0,29888.14958190918,28862.901275634766,-0.034302836429023376,138.10000610351562,29670.54958190918,-0.027220537457346504
56,2022-04-01,282.0,39885.49935913086,38619.8991394043,-0.031730835518217794,136.9499969482422,39667.89935913086,-0.02641935259133737
57,2022-04-06,282.0,39885.49935913086,38422.5,-0.03667998101159387,136.25,39667.89935913086,-0.03139564683916623
58,2022-04-07,282.0,39885.49935913086,37731.6008605957,-0.05400204418005039,133.8000030517578,39667.89935913086,-0.04881273094410671
59,2022-04-08,282.0,39885.49935913086,37943.1008605957,-0.048699365176444485,134.5500030517578,39667.89935913086,-0.04348096386248744
60,2022-04-11,282.0,39885.49935913086,37350.8991394043,-0.06354690953985323,132.4499969482422,39667.89935913086,-0.05840995508105298
61,2022-04-12,282.0,39885.49935913086,37379.1008605957,-0.06283984251939356,132.5500030517578,39667.89935913086,-0.057699009413472155
62,2022-04-13,282.0,39885.49935913086,38084.1008605957,-0.04516424584070722,135.0500030517578,39667.89935913086,-0.03992645247474126
63,2022-04-14,282.0,39885.49935913086,37943.1008605957,-0.048699365176444485,134.5500030517578,39667.89935913086,-0.04348096386248744
64,2022-04-15,282.0,39885.49935913086,37294.5,-0.06496093569749203,132.25,39667.89935913086,-0.05983173794113566
65,2022-04-18,282.0,39885.49935913086,37097.1008605957,-0.06991008119086811,131.5500030517578,39667.89935913086,-0.06480803218896451
66,2022-04-19,282.0,39885.49935913086,37224.0,-0.06672849536536067,132.0,39667.89935913086,-0.06160899363500875
67,2022-04-20,282.0,39885.49935913086,37407.298278808594,-0.06213288338221442,132.64999389648438,39667.89935913086,-0.05698817222097031
68,2022-04-21,282.0,39885.49935913086,37435.5,-0.06142581636175476,132.75,39667.89935913086,-0.05627722655338948
69,2022-04-22,282.0,39885.49935913086,37111.201721191406,-0.06955654768063828,131.60000610351562,39667.89935913086,-0.0644525593551741
70,2022-04-25,282.0,39885.49935913086,36448.5,-0.08617165171191565,129.25,39667.89935913086,-0.08115880626761274
71,2022-04-26,282.0,39885.49935913086,36448.5,-0.08617165171191565,129.25,39667.89935913086,-0.08115880626761274
72,2022-04-27,282.0,39885.49935913086,35687.1008605957,-0.10526127454824082,126.55000305175781,39667.89935913086,-0.1003531460664263
73,2022-04-28,282.0,39885.49935913086,35842.19956970215,-0.10137267564391396,127.0999984741211,39667.89935913086,-0.0964432160824292
74,2022-04-29,282.0,39885.49935913086,36307.5,-0.08970677104765293,128.75,39667.89935913086,-0.08471331765535892
75,2022-05-03,360.0,49853.89959716797,46008.00109863281,-0.07714338355897898,127.80000305175781,49636.29959716797,-0.0730976831065419
76,2022-05-04,360.0,49853.89959716797,46008.00109863281,-0.07714338355897898,127.80000305175781,49636.29959716797,-0.0730976831065419
77,2022-05-05,360.0,49853.89959716797,46530.0,-0.06667281043260231,129.25,49636.29959716797,-0.06258120815567811
78,2022-05-06,360.0,49853.89959716797,45594.000549316406,-0.08544765970711653,126.6500015258789,49636.29959716797,-0.08143836427488643
79,2022-05-09,360.0,49853.89959716797,44838.00109863281,-0.10061195892527718,124.55000305175781,49636.29959716797,-0.09666914208908771
80,2022-05-10,360.0,49853.89959716797,44640.0,-0.10458358602431479,124.0,49636.29959716797,-0.10065818035825211
81,2022-05-11,360.0,49853.89959716797,44711.99890136719,-0.10313938803882204,124.19999694824219,49636.29959716797,-0.09920765116990594
82,2022-05-12,360.0,49853.89959716797,43650.0,-0.12444161133425942,121.25,49636.29959716797,-0.12060326103579087
83,2022-05-13,360.0,49853.89959716797,44045.999450683594,-0.11649841222880591,122.3499984741211,49636.29959716797,-0.11262523983160369
84,2022-05-16,360.0,49853.89959716797,44280.0,-0.11180468613702194,123.0,49636.29959716797,-0.1079109369682662
85,2022-05-17,360.0,49853.89959716797,44765.999450683594,-0.10205621200339163,124.3499984741211,49636.29959716797,-0.0981197266115755
86,2022-05-18,360.0,49853.89959716797,45251.99890136719,-0.09230773786976133,125.69999694824219,49636.29959716797,-0.08832851625488479
87,2022-05-19,360.0,49853.89959716797,44388.00109863281,-0.10963833406616111,123.30000305175781,49636.29959716797,-0.10573508785160533
88,2022-05-20,360.0,49853.89959716797,44874.000549316406,-0.09988985993253081,124.6500015258789,49636.29959716797,-0.09594387749491462
89,2022-05-23,360.0,49853.89959716797,44964.000549316406,-0.09808458490435402,124.9000015258789,49636.29959716797,-0.0941306883424111
90,2022-05-24,360.0,49853.89959716797,44460.0,-0.10819413608066836,123.5,49636.29959716797,-0.10428455866325916
91,2022-05-25,360.0,49853.89959716797,44801.99890136719,-0.10133411301064527,124.44999694824219,49636.29959716797,-0.09739446201740241
92,2022-05-26,360.0,49853.89959716797,44244.000549316406,-0.1125267851297683,122.9000015258789,49636.29959716797,-0.10863620156243929
93,2022-05-27,360.0,49853.89959716797,45180.0,-0.09375193585525408,125.5,49636.29959716797,-0.08977904544323097
94,2022-05-30,360.0,49853.89959716797,46278.00109863281,-0.07172755847444863,128.5500030517578,49636.29959716797,-0.06765811564903133
95,2022-05-31,360.0,49853.89959716797,46728.00109863281,-0.0627011833335647,129.8000030517578,49636.29959716797,-0.05859216988651371
96,2022-06-01,437.0,59798.449127197266,56438.54733276367,-0.056187105911170834,129.14999389648438,59580.84912719727,-0.052740131106980274
97,2022-06-02,437.0,59798.449127197266,55848.601333618164,-0.06605267947965308,127.80000305175781,59580.84912719727,-0.062641735528328
98,2022-06-06,437.0,59798.449127197266,56241.898666381836,-0.05947563043399825,128.6999969482422,59580.84912719727,-0.056040665914096184
99,2022-06-07,437.0,59798.449127197266,55673.80066680908,-0.06897584336367395,127.4000015258789,59580.84912719727,-0.065575575333731
100,2022-06-08,437.0,59798.449127197266,56285.601333618164,-0.058744797646957767,128.8000030517578,59580.84912719727,-0.055307163993990466
101,2022-06-09,437.0,59798.449127197266,56110.79733276367,-0.06166801728569232,128.39999389648438,59580.84912719727,-0.05824105975773342
102,2022-06-10,437.0,59798.449127197266,55542.69933319092,-0.07116823021536801,127.0999984741211,59580.84912719727,-0.06777596917736824
103,2022-06-13,437.0,59798.449127197266,53991.351333618164,-0.09711117726860817,123.55000305175781,59580.84912719727,-0.09381366454926249
104,2022-06-14,437.0,59798.449127197266,53903.94933319092,-0.09857278708797546,123.3499984741211,59580.84912719727,-0.09528061243113396
105,2022-06-15,437.0,59798.449127197266,53641.75,-0.10295750503664991,122.75,59580.84912719727,-0.09968134416006849
106,2022-06-16,437.0,59798.449127197266,53532.5,-0.10478447549482374,122.5,59580.84912719727,-0.10151498704365287
107,2022-06-17,437.0,59798.449127197266,52811.44933319092,-0.11684249166971375,120.8499984741211,59580.84912719727,-0.11361704126697779
108,2022-06-20,437.0,59798.449127197266,52330.75,-0.12488115053473585,119.75,59580.84912719727,-0.12168505876308107
109,2022-06-21,437.0,59798.449127197266,53401.398666381836,-0.1069768623465178,122.19999694824219,59580.84912719727,-0.10371538088729011
110,2022-06-22,437.0,59798.449127197266,52221.5,-0.12670812099290968,119.5,59580.84912719727,-0.12351870164666545
111,2022-06-23,437.0,59798.449127197266,51522.30066680908,-0.13840072077427945,117.9000015258789,59580.84912719727,-0.1352540049099375
112,2022-06-24,437.0,59798.449127197266,51631.55066680908,-0.13657375031610564,118.1500015258789,59580.84912719727,-0.13342036202635313
113,2022-06-27,437.0,59798.449127197266,52855.148666381836,-0.11611171463738695,120.94999694824219,59580.84912719727,-0.11288359530521203
114,2022-06-28,437.0,59798.449127197266,52352.601333618164,-0.12451573414121561,119.80000305175781,59580.84912719727,-0.12131830780302821
115,2022-06-29,437.0,59798.449127197266,51915.601333618164,-0.13182361597391093,118.80000305175781,59580.84912719727,-0.12865287933736574
116,2022-06-30,437.0,59798.449127197266,50604.601333618164,-0.15374726147199688,115.80000305175781,59580.84912719727,-0.15065659394037834
117,2022-07-01,526.0,69726.39939880371,58675.30160522461,-0.15849230548062265,111.55000305175781,69508.7993988037,-0.15585793291324707
118,2022-07-04,526.0,69726.39939880371,58096.69839477539,-0.16679049978633845,110.44999694824219,69508.7993988037,-0.1641821050389877
119,2022-07-05,526.0,69726.39939880371,58386.0,-0.16264140263348056,111.0,69508.7993988037,-0.16002001897611737
120,2022-07-06,526.0,69726.39939880371,57255.099197387695,-0.178860522111371,108.8499984741211,69508.7993988037,-0.17628991303836136
121,2022-07-07,526.0,69726.39939880371,58964.599197387695,-0.1543432658821711,112.0999984741211,69508.7993988037,-0.1516959045849594
122,2022-07-08,526.0,69726.39939880371,59569.5,-0.14566791755172678,113.25,69508.7993988037,-0.1429933977391468
123,2022-07-11,526.0,69726.39939880371,59043.5,-0.1532116886991729,112.25,69508.7993988037,-0.15056078495557815
124,2022-07-12,526.0,69726.39939880371,57623.30160522461,-0.17357984777551488,109.55000305175781,69508.7993988037,-0.1709927073461098
125,2022-07-13,526.0,69726.39939880371,59674.69839477539,-0.1441591863440001,113.44999694824219,69508.7993988037,-0.14147994338969358
126,2022-07-14,526.0,69726.39939880371,59964.0,-0.1400100891911422,114.0,69508.7993988037,-0.13731785732682325
127,2022-07-15,526.0,69726.39939880371,60753.0,-0.128694432469973,115.5,69508.7993988037,-0.1259667765021762
128,2022-07-18,526.0,69726.39939880371,60069.19839477539,-0.1385013579834155,114.19999694824219,68561.9993988037,-0.1238703812388601
129,2022-07-19,526.0,69726.39939880371,60121.80160522461,-0.13774693482514583,114.30000305175781,68561.9993988037,-0.12310314558484653
130,2022-07-20,526.0,69726.39939880371,60516.30160522461,-0.13208910646456123,115.05000305175781,68561.9993988037,-0.11734922937091997
131,2022-07-21,526.0,69726.39939880371,61200.099197387695,-0.12228223850552508,116.3499984741211,68561.9993988037,-0.10737580971923144
132,2022-07-22,526.0,69726.39939880371,61436.80160522461,-0.11888750695653053,116.80000305175781,68561.9993988037,-0.10392342487175799
133,2022-07-25,526.0,69726.39939880371,61384.19839477539,-0.1196419301148002,116.69999694824219,68561.9993988037,-0.10469066052577156
134,2022-07-26,526.0,69726.39939880371,60831.900802612305,-0.12756285528697484,115.6500015258789,68561.9993988037,-0.11274610810615122
135,2022-07-27,526.0,69726.39939880371,61384.19839477539,-0.1196419301148002,116.69999694824219,68561.9993988037,-0.10469066052577156
136,2022-07-28,526.0,69726.39939880371,61489.400802612305,-0.11813314135266717,116.9000015258789,68561.9993988037,-0.10315624774960695
137,2022-07-29,526.0,69726.39939880371,62068.0,-0.10983500460135771,118.0,68561.9993988037,-0.0947171823422205
138,2022-08-01,610.0,79608.99952697754,71766.50093078613,-0.0985127139241811,117.6500015258789,78444.59952697753,-0.08513140020422645
139,2022-08-02,610.0,79608.99952697754,70485.50186157227,-0.11460384780132231,115.55000305175781,78444.59952697753,-0.10146138438335818
140,2022-08-03,610.0,79608.99952697754,70912.5,-0.10924015599556064,116.25,78444.59952697753,-0.09601807609951785
141,2022-08-04,610.0,79608.99952697754,71095.50186157227,-0.10694139753031638,116.55000305175781,78444.59952697753,-0.09368519579066587
142,2022-08-05,610.0,79608.99952697754,72895.0,-0.08433719261479136,119.5,78444.59952697753,-0.07074546317326781
143,2022-08-08,610.0,79608.99952697754,72742.5,-0.08625280518254284,119.25,78444.59952697753,-0.07268951032144089
144,2022-08-09,610.0,79608.99952697754,72681.50093078613,-0.0870190385176722,119.1500015258789,78444.59952697753,-0.07346711731518797
145,2022-08-10,610.0,79608.99952697754,71919.00093078613,-0.09659710135642961,117.9000015258789,78444.59952697753,-0.08318735305605338
146,2022-08-11,610.0,79608.99952697754,73230.50186157227,-0.08012282158179562,120.05000305175781,78444.59952697753,-0.06646853571624274
147,2022-08-12,610.0,79608.99952697754,73688.00186157227,-0.07437598387854118,120.80000305175781,78444.59952697753,-0.06063639427172351
148,2022-08-15,610.0,79608.99952697754,74359.00093078613,-0.06594730027240589,121.9000015258789,78444.59952697753,-0.0520825986852841
149,2022-08-16,610.0,79608.99952697754,74480.99906921387,-0.06441483360214718,122.0999984741211,78444.59952697753,-0.050527384697789925
150,2022-08-17,610.0,79608.99952697754,74511.50093078613,-0.06403168770465441,122.1500015258789,78444.59952697753,-0.05013855153711102
151,2022-08-18,610.0,79608.99952697754,74023.49906921387,-0.07016167130540163,121.3499984741211,78444.59952697753,-0.056359526142309165
152,2022-08-19,610.0,79608.99952697754,74145.50186157227,-0.06862914617528673,121.55000305175781,78444.59952697753,-0.05480425282720427
153,2022-08-22,610.0,79608.99952697754,73230.50186157227,-0.08012282158179562,120.05000305175781,78444.59952697753,-0.06646853571624274
154,2022-08-23,610.0,79608.99952697754,72101.99813842773,-0.09429840135104155,118.19999694824219,78444.59952697753,-0.08085453207481211
155,2022-08-24,610.0,79608.99952697754,71919.00093078613,-0.09659710135642961,117.9000015258789,78444.59952697753,-0.08318735305605338
156,2022-08-25,610.0,79608.99952697754,72590.0,-0.08816841775029433,119.0,78444.59952697753,-0.07463355746961398
157,2022-08-26,610.0,79608.99952697754,72955.99906921387,-0.083570959279662,119.5999984741211,78444.59952697753,-0.06996785617952073
158,2022-08-29,610.0,79608.99952697754,71095.50186157227,-0.10694139753031638,116.55000305175781,78444.59952697753,-0.09368519579066587
159,2022-08-30,610.0,79608.99952697754,71217.5,-0.10540893086005766,116.75,78444.59952697753,-0.0921299818031717
160,2022-08-31,610.0,79608.99952697754,71735.99906921387,-0.09889585982167387,117.5999984741211,78444.59952697753,-0.08552023336490536
161,2022-09-01,696.0,89511.89965820312,80144.40106201172,-0.10465087471007484,115.1500015258789,88347.49965820312,-0.09285037638787025
162,2022-09-02,696.0,89511.89965820312,79274.40106201172,-0.1143702528410502,113.9000015258789,88347.49965820312,-0.10269785371734576
163,2022-09-05,696.0,89511.89965820312,79448.40106201172,-0.11242637721485513,114.1500015258789,88347.49965820312,-0.10072835825145066
164,2022-09-06,696.0,89511.89965820312,79970.40106201172,-0.10659475033626992,114.9000015258789,88347.49965820312,-0.09481987185376535
165,2022-09-07,696.0,89511.89965820312,78091.19787597656,-0.12758864269260245,112.19999694824219,88347.49965820312,-0.11609045894797149
166,2022-09-08,696.0,89511.89965820312,78648.0,-0.12136821695982772,113.0,88347.49965820312,-0.10978804941541447
167,2022-09-12,696.0,89511.89965820312,80318.40106201172,-0.10270699908387977,115.4000015258789,88347.49965820312,-0.09088088092197515
168,2022-09-13,696.0,89511.89965820312,80736.0,-0.09804170944548686,116.0,88347.49965820312,-0.08615410382467326
169,2022-09-14,696.0,89511.89965820312,79100.40106201172,-0.11631412846724527,113.6500015258789,88347.49965820312,-0.10466734918324086
170,2022-09-15,696.0,89511.89965820312,79239.59893798828,-0.11475905169523973,113.8499984741211,88347.49965820312,-0.10309177685221747
171,2022-09-16,696.0,89511.89965820312,78334.80212402344,-0.12486716935802833,112.55000305175781,88347.49965820312,-0.11333311721233295
172,2022-09-19,696.0,89511.89965820312,77986.80212402344,-0.12875492061041846,112.05000305175781,88347.49965820312,-0.11727210814412314
173,2022-09-20,696.0,89511.89965820312,78682.80212402344,-0.12097941810563818,113.05000305175781,88347.49965820312,-0.10939412628054275
174,2022-09-21,696.0,89511.89965820312,78021.59893798828,-0.12836618107860523,112.0999984741211,88347.49965820312,-0.11687824511348317
175,2022-09-22,696.0,89511.89965820312,77082.0,-0.13886309759558335,110.75,88347.49965820312,-0.12751350860847038
176,2022-09-23,696.0,89511.89965820312,76351.19787597656,-0.14702739895455316,109.69999694824219,88347.49965820312,-0.1357854136069225
177,2022-09-26,696.0,89511.89965820312,74924.40106201172,-0.16296714349592697,107.6500015258789,88347.49965820312,-0.15193524036472328
178,2022-09-27,696.0,89511.89965820312,74820.0,-0.16413348073611927,107.5,88347.49965820312,-0.1531169496651067
179,2022-09-28,696.0,89511.89965820312,73254.0,-0.18162836137187494,105.25,88347.49965820312,-0.1708424088581626
180,2022-09-29,696.0,89511.89965820312,73010.40106201172,-0.18434977538407277,104.9000015258789,88347.49965820312,-0.17359969048956939
181,2022-09-30,696.0,89511.89965820312,72001.19787597656,-0.19562428960942996,103.44999694824219,88347.49965820312,-0.1850228002543
182,2022-10-03,793.0,99425.29936218262,81044.59757995605,-0.18486946380991076,102.19999694824219,98260.89936218261,-0.17521009774975194
183,2022-10-04,793.0,99425.29936218262,83106.40242004395,-0.16413223844258018,104.80000305175781,98260.89936218261,-0.15422713450118422
184,2022-10-05,793.0,99425.29936218262,85049.25,-0.14459146167429784,107.25,98260.89936218261,-0.13445479786914447
185,2022-10-06,793.0,99425.29936218262,85644.0,-0.1386095837839083,108.0,98260.89936218261,-0.12840203421787974
186,2022-10-07,793.0,99425.29936218262,84216.59757995605,-0.1529661150611666,106.19999694824219,98260.89936218261,-0.14292869160967342
187,2022-10-11,793.0,99425.29936218262,79855.09757995605,-0.1968332195906898,100.69999694824219,98260.89936218261,-0.1873156250522814
188,2022-10-12,793.0,99425.29936218262,79458.59757995605,-0.20082113818428282,100.19999694824219,98260.89936218261,-0.19135080081979122
189,2022-10-13,793.0,99425.29936218262,78507.0,-0.2103921184685826,99.0,98260.89936218261,-0.20103519803305642
190,2022-10-14,793.0,99425.29936218262,80767.04878997803,-0.18766099465526415,101.8499984741211,98260.89936218261,-0.17803470847262964
191,2022-10-17,793.0,99425.29936218262,79260.34757995605,-0.20281509748107934,99.94999694824219,98260.89936218261,-0.1933683887035461
192,2022-10-18,793.0,99425.29936218262,80172.29878997803,-0.19364287254565368,101.0999984741211,98260.89936218261,-0.18408747212389437
193,2022-10-19,793.0,99425.29936218262,79101.75,-0.2044102405781931,99.75,98260.89936218261,-0.1949824343817917
194,2022-10-20,793.0,99425.29936218262,78665.59757995605,-0.20879697537146885,99.19999694824219,98260.89936218261,-0.19942115235481084
195,2022-10-21,793.0,99425.29936218262,78427.70121002197,-0.2111896900171395,98.9000015258789,98260.89936218261,-0.2018422208721792
196,2022-10-24,793.0,99425.29936218262,78189.79878997803,-0.21358246551361876,98.5999984741211,98260.89936218261,-0.20426335096144346
197,2022-10-25,793.0,99425.29936218262,76683.09757995605,-0.22873656833943395,96.69999694824219,98260.89936218261,-0.21959703119235993
198,2022-10-26,793.0,99425.29936218262,77396.79878997803,-0.2215583027008048,97.5999984741211,98260.89936218261,-0.21233370249646308
199,2022-10-27,793.0,99425.29936218262,78507.0,-0.2103921184685826,99.0,98260.89936218261,-0.20103519803305642
200,2022-10-28,793.0,99425.29936218262,77515.75,-0.22036191495256516,97.75,98260.89936218261,-0.21112313745183098
201,2022-10-31,793.0,99425.29936218262,78546.65242004395,-0.20999330226889987,99.05000305175781,98260.89936218261,-0.2006316558275471
202,2022-11-01,893.0,109385.29920959473,88942.79863739014,-0.18688526447264567,99.5999984741211,108220.89920959472,-0.17813657725083298
203,2022-11-02,893.0,109385.29920959473,89300.0,-0.18361973093942907,100.0,108220.89920959472,-0.1748359082930002
204,2022-11-03,893.0,109385.29920959473,88139.09727478027,-0.19423269935116513,98.69999694824219,108220.89920959472,-0.18556306666720082
205,2022-11-04,893.0,109385.29920959473,88273.04863739014,-0.19300811649059996,98.8499984741211,108220.89920959472,-0.1843253079386355
206,2022-11-07,893.0,109385.29920959473,89791.15272521973,-0.1791296145456473,100.55000305175781,108220.89920959472,-0.17029748060660205
207,2022-11-08,893.0,109385.29920959473,90728.79863739014,-0.17055765909143425,101.5999984741211,108220.89920959472,-0.161633295416693
208,2022-11-09,893.0,109385.29920959473,93318.5,-0.14688261883170337,104.5,108220.89920959472,-0.1377035241661852
209,2022-11-10,893.0,109385.29920959473,92425.5,-0.15504642152230907,103.5,108220.89920959472,-0.14595516508325518
210,2022-11-11,893.0,109385.29920959473,97337.0,-0.11014550672397769,109.0,108220.89920959472,-0.10057114003937019
211,2022-11-14,893.0,109385.29920959473,98230.0,-0.10198170403337198,110.0,108220.89920959472,-0.0923194991223002
212,2022-11-15,893.0,109385.29920959473,102427.09727478027,-0.06361185630147378,114.69999694824219,108220.89920959472,-0.05353681199408084
213,2022-11-16,893.0,109385.29920959473,102248.5,-0.06524459192564629,114.5,108220.89920959472,-0.055187114995485204
214,2022-11-17,893.0,109385.29920959473,102293.15272521973,-0.06483637687716735,114.55000305175781,108220.89920959472,-0.05477450776762207
215,2022-11-18,893.0,109385.29920959473,102025.25,-0.0672855425982977,114.25,108220.89920959472,-0.057250025224752706
216,2022-11-21,893.0,109385.29920959473,101668.04863739014,-0.07055107613151432,113.8499984741211,108220.89920959472,-0.060550694182585525
217,2022-11-22,893.0,109385.29920959473,102516.40272521973,-0.06279542620451593,114.80000305175781,108220.89920959472,-0.052711597538354575
218,2022-11-23,893.0,109385.29920959473,103230.79863739014,-0.05626442142295432,115.5999984741211,108220.89920959472,-0.046110322577713025
219,2022-11-24,893.0,109385.29920959473,104213.09727478027,-0.04728425092026236,116.69999694824219,108220.89920959472,-0.03703353015994085
220,2022-11-25,893.0,109385.29920959473,104213.09727478027,-0.04728425092026236,116.69999694824219,108220.89920959472,-0.03703353015994085
221,2022-11-28,893.0,109385.29920959473,102114.54863739014,-0.06646917478621146,114.3499984741211,108220.89920959472,-0.05642487372405052
222,2022-11-29,893.0,109385.29920959473,103052.20136260986,-0.05789715704712682,115.4000015258789,108220.89920959472,-0.047760625579117394
223,2022-11-30,893.0,109385.29920959473,103900.54863739014,-0.05014156940500004,116.3499984741211,108220.89920959472,-0.03992159188991053
224,2022-12-01,977.0,119326.6990814209,115627.94850921631,-0.030996839774146433,118.3499984741211,118162.29908142089,-0.021448047235931505
225,2022-12-02,977.0,119326.6990814209,114602.10298156738,-0.03959378861749753,117.30000305175781,118162.29908142089,-0.0301297125016188
226,2022-12-05,977.0,119326.6990814209,114748.64701843262,-0.038365697687359236,117.44999694824219,118162.29908142089,-0.028889519665118078
227,2022-12-06,977.0,119326.6990814209,112648.10298156738,-0.0559690006617586,115.30000305175781,118162.29908142089,-0.046666289863350544
228,2022-12-07,977.0,119326.6990814209,111964.19850921631,-0.06170036235713594,114.5999984741211,118162.29908142089,-0.052454129789178516
229,2022-12-08,977.0,119326.6990814209,110645.25,-0.07275361799371684,113.25,118162.29908142089,-0.06361630689194016
230,2022-12-09,977.0,119326.6990814209,112355.0,-0.058425307454988404,115.0,118162.29908142089,-0.04914680170042488
231,2022-12-12,977.0,119326.6990814209,111280.30149078369,-0.06743166158603667,113.9000015258789,118162.29908142089,-0.058241906632970054
232,2022-12-13,977.0,119326.6990814209,110791.80149078369,-0.07152546459710193,113.4000015258789,118162.29908142089,-0.062376050973402986
233,2022-12-14,977.0,119326.6990814209,112159.60298156738,-0.06006280367282387,114.80000305175781,118162.29908142089,-0.05080043420378348
234,2022-12-15,977.0,119326.6990814209,112257.30149078369,-0.059244055563906134,114.9000015258789,118162.29908142089,-0.04997361795210418
235,2022-12-16,977.0,119326.6990814209,110401.0,-0.07480051949924947,113.0,118162.29908142089,-0.06568337906215663
236,2022-12-19,977.0,119326.6990814209,109765.94850921631,-0.08012247590692964,112.3499984741211,118162.29908142089,-0.07105777932112672
237,2022-12-20,977.0,119326.6990814209,107763.10298156738,-0.09690703077241128,110.30000305175781,118162.29908142089,-0.0880077332676799
238,2022-12-21,977.0,119326.6990814209,108202.75,-0.09322263304904319,110.75,118162.29908142089,-0.08428702859410483
239,2022-12-22,977.0,119326.6990814209,110010.19850921631,-0.07807557440139701,112.5999984741211,118162.29908142089,-0.06899070715091025
240,2022-12-23,977.0,119326.6990814209,108153.89701843262,-0.09363203833674034,110.69999694824219,118162.29908142089,-0.0847004682609627
241,2022-12-26,977.0,119326.6990814209,108544.69850921631,-0.09035698343459282,111.0999984741211,118162.29908142089,-0.08139314017220907
242,2022-12-27,977.0,119326.6990814209,109033.19850921631,-0.08626318042352754,111.5999984741211,118162.29908142089,-0.07725899583177613
243,2022-12-28,977.0,119326.6990814209,107470.0,-0.09936333756564109,110.0,118162.29908142089,-0.09048824510475424
244,2022-12-29,977.0,119326.6990814209,106981.5,-0.10345714057670635,109.5,118162.29908142089,-0.09462238944518717
245,2022-12-30,977.0,119326.6990814209,107665.39701843262,-0.09772584134780563,110.19999694824219,118162.29908142089,-0.08883461260139563
246,2023-01-03,1067.0,129294.1990814209,118170.25,-0.08603594871581033,110.75,128129.79908142089,-0.07773015452160377
247,2023-01-04,1067.0,129294.1990814209,117903.5,-0.08809907298507486,110.5,128129.79908142089,-0.07981202776196132
248,2023-01-05,1067.0,129294.1990814209,118757.10325622559,-0.08149705013880591,111.30000305175781,128129.79908142089,-0.07315000797932544
249,2023-01-06,1067.0,129294.1990814209,119290.60325622559,-0.07737080160027685,111.80000305175781,128129.79908142089,-0.06898626149861034
250,2023-01-09,1067.0,129294.1990814209,123558.60325622559,-0.044360813292044256,115.80000305175781,128129.79908142089,-0.03567628965288948
251,2023-01-10,1067.0,129294.1990814209,124038.75,-0.040647214791990516,116.25,128129.79908142089,-0.031928943233737586
252,2023-01-11,1067.0,129294.1990814209,124145.4483718872,-0.03982197767659592,116.3499984741211,128129.79908142089,-0.031096206644340416
253,2023-01-12,1067.0,129294.1990814209,123611.9483718872,-0.04394822621512499,115.8499984741211,128129.79908142089,-0.035259953125055525
254,2023-01-13,1067.0,129294.1990814209,125052.39674377441,-0.03280736775340771,117.19999694824219,128129.79908142089,-0.024017850333870584
255,2023-01-16,1067.0,129294.1990814209,126012.6983718872,-0.025380107791744162,118.0999984741211,128129.79908142089,-0.01652309396183754
256,2023-01-17,1067.0,129294.1990814209,126012.6983718872,-0.025380107791744162,118.0999984741211,128129.79908142089,-0.01652309396183754
257,2023-01-30,1067.0,129294.1990814209,128786.89674377441,-0.003923627983704196,120.69999694824219,125355.59908142089,0.027372512177336626
258,2023-01-31,1067.0,129294.1990814209,126226.10325622559,-0.02372957059939889,118.30000305175781,125355.59908142089,0.006944278366371844
259,2023-02-01,1151.0,139290.1990814209,136969.0,-0.01666448247420525,119.0,135351.5990814209,0.01194962549061691
260,2023-02-02,1151.0,139290.1990814209,139271.0,-0.00013783512083054587,121.0,135351.5990814209,0.028957182221551647
261,2023-02-03,1151.0,139290.1990814209,139271.0,-0.00013783512083054587,121.0,135351.5990814209,0.028957182221551647
262,2023-02-06,1151.0,139290.1990814209,137256.75,-0.01459865155503341,119.25,135351.5990814209,0.014075570081983752
263,2023-02-07,1151.0,139290.1990814209,136969.0,-0.01666448247420525,119.0,135351.5990814209,0.01194962549061691
264,2023-02-08,1151.0,139290.1990814209,139098.34824371338,-0.0013773462811649422,120.8499984741211,135351.5990814209,0.02768160249099551
265,2023-02-09,1151.0,139290.1990814209,139155.90175628662,-0.0009641548796679872,120.9000015258789,135351.5990814209,0.028106817360740943
266,2023-02-10,1151.0,139290.1990814209,139271.0,-0.00013783512083054587,121.0,135351.5990814209,0.028957182221551647
267,2023-02-13,1151.0,139290.1990814209,138983.25,-0.0022036660400023837,120.75,135351.5990814209,0.026831237630184804
268,2023-02-14,1151.0,139290.1990814209,140019.15175628662,0.005233337877847526,121.6500015258789,135351.5990814209,0.03448465113484147
269,2023-02-15,1151.0,139290.1990814209,136796.34824371338,-0.017903993634539643,118.8499984741211,135351.5990814209,0.010674045760060773
270,2023-02-16,1151.0,139290.1990814209,138465.30351257324,-0.005922136476849104,120.30000305175781,135351.5990814209,0.023004563317196552
271,2023-02-17,1151.0,139290.1990814209,136681.25,-0.018730313393377086,118.75,135351.5990814209,0.009823680899250068
272,2023-02-20,1151.0,139290.1990814209,136969.0,-0.01666448247420525,119.0,135351.5990814209,0.01194962549061691
273,2023-02-21,1151.0,139290.1990814209,136911.44648742676,-0.017077673875702203,118.94999694824219,135351.5990814209,0.011524410620871478
274,2023-02-22,1151.0,139290.1990814209,135415.15175628662,-0.027819956828901878,117.6500015258789,135351.5990814209,0.00046953767297199276
275,2023-02-23,1151.0,139290.1990814209,137429.40175628662,-0.013359140394699013,119.4000015258789,135351.5990814209,0.01535114981253989
276,2023-02-24,1151.0,139290.1990814209,136738.80351257324,-0.01831712199188013,118.80000305175781,135351.5990814209,0.010248895768995498
277,2023-03-01,1234.0,149196.24895477295,147277.89811706543,-0.012857902602424304,119.3499984741211,145257.64895477294,0.013908039795697822
278,2023-03-02,1234.0,149196.24895477295,147154.5,-0.013684988524020338,119.25,145257.64895477294,0.013058527787529146
279,2023-03-03,1234.0,149196.24895477295,147277.89811706543,-0.012857902602424304,119.3499984741211,145257.64895477294,0.013908039795697822
280,2023-03-06,1234.0,149196.24895477295,148697.0,-0.003346256747542564,120.5,145257.64895477294,0.02367758992366677
281,2023-03-07,1234.0,149196.24895477295,149684.20376586914,0.0032705568304475874,121.30000305175781,145257.64895477294,0.030473815616239516
282,2023-03-08,1234.0,149196.24895477295,148450.20376586914,-0.005000428590734632,120.30000305175781,145257.64895477294,0.02197856590732942
283,2023-03-09,1234.0,149196.24895477295,148326.79623413086,-0.005827577614941606,120.19999694824219,145257.64895477294,0.021128989085549072
284,2023-03-10,1234.0,149196.24895477295,145982.20376586914,-0.02154239943309907,118.30000305175781,145257.64895477294,0.004988066489509222
285,2023-03-13,1234.0,149196.24895477295,146599.20376586914,-0.01740690672250796,118.80000305175781,145257.64895477294,0.009235691343964271
286,2023-03-14,1234.0,149196.24895477295,144995.0,-0.028159213011089222,117.5,145257.64895477294,-0.001808159203063524
287,2023-03-15,1234.0,149196.24895477295,145118.39811706543,-0.02733212708949319,117.5999984741211,145257.64895477294,-0.0009586471948948485
288,2023-03-16,1234.0,149196.24895477295,144439.70376586914,-0.03188113120957684,117.05000305175781,145257.64895477294,-0.0056309956466284
289,2023-03-17,1234.0,149196.24895477295,146784.29623413086,-0.01616630939141938,118.94999694824219,145257.64895477294,0.01050992694941145
290,2023-03-20,1234.0,149196.24895477295,145735.39811706543,-0.023196634378902077,118.0999984741211,145257.64895477294,0.0032889776595602
291,2023-03-21,1234.0,149196.24895477295,146414.10188293457,-0.01864756715620748,118.6500015258789,145257.64895477294,0.007961390924905422
292,2023-03-22,1234.0,149196.24895477295,149190.60188293457,-3.7849958547488335e-05,120.9000015258789,145257.64895477294,0.027075702769953143
293,2023-03-23,1234.0,149196.24895477295,150362.89811706543,0.007819560950531244,121.8499984741211,145257.64895477294,0.035146164067973065
294,2023-03-24,1234.0,149196.24895477295,150794.79623413086,0.010714393227422833,122.19999694824219,145257.64895477294,0.03811948850336927
295,2023-03-27,1234.0,149196.24895477295,149869.29623413086,0.004511154161536168,121.44999694824219,145257.64895477294,0.031748051221686696
296,2023-03-28,1234.0,149196.24895477295,148573.60188293457,-0.004173342669138598,120.4000015258789,145257.64895477294,0.022828077915498093
297,2023-03-29,1234.0,149196.24895477295,148820.39811706543,-0.00251917082594653,120.5999984741211,145257.64895477294,0.024527101931835445
298,2023-03-30,1234.0,149196.24895477295,149560.79623413086,0.002443407806240613,121.19999694824219,145257.64895477294,0.02962423879445917
299,2023-03-31,1234.0,149196.24895477295,150054.39811706543,0.005751814595235689,121.5999984741211,145257.64895477294,0.033022351640745545
300,2023-04-06,1316.0,159118.24895477295,159236.0,0.0007400222538932025,121.0,155179.64895477294,0.02613971015238782
301,2023-04-07,1316.0,159118.24895477295,159236.0,0.0007400222538932025,121.0,155179.64895477294,0.02613971015238782
302,2023-04-10,1316.0,159118.24895477295,159236.0,0.0007400222538932025,121.0,155179.64895477294,0.02613971015238782
303,2023-04-11,1316.0,159118.24895477295,159038.59799194336,-0.0005005771704553477,120.8499984741211,155179.64895477294,0.02486762319133165
304,2023-04-12,1316.0,159118.24895477295,158643.80401611328,-0.0029817129196445724,120.55000305175781,155179.64895477294,0.022323513970249828
305,2023-04-13,1316.0,159118.24895477295,157262.0,-0.011665845790576548,119.5,155179.64895477294,0.013418969943887147
306,2023-04-14,1316.0,159118.24895477295,158775.40200805664,-0.002154667669914831,120.6500015258789,155179.64895477294,0.0231715503772771
307,2023-04-17,1316.0,159118.24895477295,158380.59799194336,-0.004635866518611931,120.3499984741211,155179.64895477294,0.02062737645516476
308,2023-04-18,1316.0,159118.24895477295,157854.19598388672,-0.007944110617038773,119.94999694824219,155179.64895477294,0.01723516612602514
309,2023-04-19,1316.0,159118.24895477295,156669.80401611328,-0.015387580964114323,119.05000305175781,155179.64895477294,0.009602773761749152
310,2023-04-20,1316.0,159118.24895477295,156472.40200805664,-0.016628180388462872,118.9000015258789,155179.64895477294,0.008330686800692981
311,2023-04-21,1316.0,159118.24895477295,156077.59799194336,-0.019109379237159975,118.5999984741211,155179.64895477294,0.005786512878580638
312,2023-04-24,1316.0,159118.24895477295,155485.40200805664,-0.02283111441069775,118.1500015258789,155179.64895477294,0.001970316696442643
313,2023-04-25,1316.0,159118.24895477295,153445.59799194336,-0.03565053662978631,116.5999984741211,155179.64895477294,-0.01117447406608693
314,2023-04-26,1316.0,159118.24895477295,152787.59799194336,-0.03978582597794289,116.0999984741211,155179.64895477294,-0.015414720802253822
315,2023-04-27,1316.0,159118.24895477295,152656.0,-0.04061287122767263,116.0,155179.64895477294,-0.016262757209281095
316,2023-04-28,1316.0,159118.24895477295,154498.40200805664,-0.029034048432932624,117.4000015258789,155179.64895477294,-0.004390053407807695
317,2023-05-02,1400.0,169005.0486984253,164779.99572753906,-0.024999566601264483,117.69999694824219,165066.4486984253,-0.0017353797403709297
318,2023-05-03,1400.0,169005.0486984253,164079.99572753906,-0.02914145470100456,117.19999694824219,165066.4486984253,-0.005976096164087616
319,2023-05-04,1400.0,169005.0486984253,164500.0,-0.02665629656108178,117.5,165066.4486984253,-0.003431640426578651
320,2023-05-05,1400.0,169005.0486984253,164920.00427246094,-0.024171138421159002,117.80000305175781,165066.4486984253,-0.0008871846890696856
321,2023-05-08,1400.0,169005.0486984253,165970.00427246094,-0.017958306271548884,118.55000305175781,165066.4486984253,0.005473889946505345
322,2023-05-09,1400.0,169005.0486984253,166460.00213623047,-0.015058997241770197,118.9000015258789,165066.4486984253,0.008442378501467548
323,2023-05-10,1400.0,169005.0486984253,164920.00427246094,-0.024171138421159002,117.80000305175781,165066.4486984253,-0.0008871846890696856
324,2023-05-11,1400.0,169005.0486984253,164570.00427246094,-0.02624208247102904,117.55000305175781,165066.4486984253,-0.003007542900928029
325,2023-05-12,1400.0,169005.0486984253,164079.99572753906,-0.02914145470100456,117.19999694824219,165066.4486984253,-0.005976096164087616
326,2023-05-15,1400.0,169005.0486984253,164079.99572753906,-0.02914145470100456,117.19999694824219,165066.4486984253,-0.005976096164087616
327,2023-05-16,1400.0,169005.0486984253,166039.99786376953,-0.017544155381692978,118.5999984741211,165066.4486984253,0.005897922763958583
328,2023-05-17,1400.0,169005.0486984253,168770.00427246094,-0.0013907538725885737,120.55000305175781,165066.4486984253,0.02243675564137209
329,2023-05-18,1400.0,169005.0486984253,171010.00213623047,0.011863275406540308,122.1500015258789,165066.4486984253,0.03600703525562601
330,2023-05-19,1400.0,169005.0486984253,171500.0,0.014762584436318995,122.5,165066.4486984253,0.03897552381058821
331,2023-05-22,1400.0,169005.0486984253,171220.00427246094,0.013105854476501698,122.30000305175781,165066.4486984253,0.03727926312438049
332,2023-05-23,1400.0,169005.0486984253,171079.99572753906,0.012277426296396214,122.19999694824219,165066.4486984253,0.03643106807307925
333,2023-05-24,1400.0,169005.0486984253,170239.99786376953,0.007307173216747488,121.5999984741211,165066.4486984253,0.0313422213062587
334,2023-05-25,1400.0,169005.0486984253,172270.00427246094,0.019318686626111813,123.05000305175781,165066.4486984253,0.04364033775995552
335,2023-05-26,1400.0,169005.0486984253,176329.99572753906,0.043341587044446794,125.94999694824219,165066.4486984253,0.0682364412509544
336,2023-05-29,1400.0,169005.0486984253,177450.0,0.04996863328410965,126.75,165066.4486984253,0.07502161341218005
337,2023-05-30,1400.0,169005.0486984253,177450.0,0.04996863328410965,126.75,165066.4486984253,0.07502161341218005
338,2023-05-31,1400.0,169005.0486984253,176610.00213623047,0.044998380204460925,126.1500015258789,165066.4486984253,0.06993276664535951
339,2023-06-01,1479.0,178891.89881896973,185096.8522567749,0.0346854915106262,125.1500015258789,174953.29881896972,0.057978634905884625
340,2023-06-02,1479.0,178891.89881896973,187463.25,0.047913579304695524,126.75,174953.29881896972,0.07150451729392518
341,2023-06-05,1479.0,178891.89881896973,186871.6477432251,0.044606541587053676,126.3499984741211,174953.29881896972,0.06812303057279136
342,2023-06-06,1479.0,178891.89881896973,187389.2954864502,0.04750017593630351,126.69999694824219,174953.29881896972,0.07108180726759793
343,2023-06-07,1479.0,178891.89881896973,189459.9090270996,0.059074839486299026,128.10000610351562,174953.29881896972,0.08291704303981363
344,2023-06-08,1479.0,178891.89881896973,187611.1477432251,0.048740322964981465,126.8499984741211,174953.29881896972,0.07234987285008496
345,2023-06-09,1479.0,178891.89881896973,189016.2045135498,0.05659454542894312,127.80000305175781,174953.29881896972,0.0803809118748396
346,2023-06-12,1479.0,178891.89881896973,190791.0,0.06651559550537059,129.0,174953.29881896972,0.09052530754174633
347,2023-06-13,1479.0,178891.89881896973,194562.4545135498,0.08759790576340157,131.5500030517578,174953.29881896972,0.11208222895454152
348,2023-06-14,1479.0,178891.89881896973,194488.5,0.08718450239500955,131.5,174953.29881896972,0.11165951892821428
349,2023-06-15,1479.0,178891.89881896973,195080.0909729004,0.09049147703615333,131.89999389648438,174953.29881896972,0.11504094115285339
350,2023-06-16,1479.0,178891.89881896973,194562.4545135498,0.08759790576340157,131.5500030517578,174953.29881896972,0.11208222895454152
